trimestre,caixa_operacional,caixa_gerado_operacoes,baixa_ativos,variacao_capital_giro,variacao_contas_a_receber,variacao_estoques,variacao_fornecedores,variacao_outros,outros_itens_operacionais
2023-Q1,3421000.0,3621000.0,20000.0,800000.0,1100000.0,-300000.0,-100000.0,100000.0,-1000000.0
2023-Q2,1535000.0,4085000.0,50000.0,-1300000.0,-900000.0,-400000.0,200000.0,-200000.0,-1250000.0
2023-Q3,2745000.0,4345000.0,40000.0,-500000.0,-600000.0,-100000.0,100000.0,100000.0,-1100000.0
2023-Q4,4183000.0,4733000.0,100000.0,500000.0,300000.0,200000.0,100000.0,-100000.0,-1050000.0
2024-Q1,2845000.0,3245000.0,30000.0,600000.0,900000.0,-200000.0,-200000.0,100000.0,-1000000.0
2024-Q2,1595000.0,4395000.0,60000.0,-1500000.0,-1100000.0,-500000.0,300000.0,-200000.0,-1300000.0
2024-Q3,1894000.0,4244000.0,50000.0,-1200000.0,-1400000.0,-100000.0,200000.0,100000.0,-1150000.0
2024-Q4,3318000.0,3618000.0,3900000.0,600000.0,500000.0,200000.0,-100000.0,0.0,-900000.0
2025-Q1,653000.0,3203000.0,40000.0,-1200000.0,-700000.0,-300000.0,-100000.0,-100000.0,-1350000.0
2025-Q2,1410000.0,3960000.0,50000.0,-1100000.0,-800000.0,-400000.0,200000.0,-100000.0,-1450000.0
2025-Q3,2844000.0,4094000.0,80000.0,-200000.0,-500000.0,100000.0,100000.0,100000.0,-1050000.0
2025-Q4,3993000.0,4893000.0,7400000.0,300000.0,400000.0,100000.0,-100000.0,-100000.0,-1200000.0
2026-Q1,3124000.0,3624000.0,30000.0,500000.0,800000.0,-200000.0,-100000.0,0.0,-1000000.0
2026-Q2,2591000.0,4241000.0,50000.0,-400000.0,-200000.0,-300000.0,200000.0,-100000.0,-1250000.0
