tipo_relatorio,periodo_inicio,periodo_fim,receita_liquida,resultado_bruto,evento_extraordinario,resultado_antes_financeiro_tributos,resultado_financeiro,resultado_antes_tributos,lucro_liquido,passivo_total,divida_bruta,divida_liquida,provisao_total,caixa_e_equivalentes,aplicacoes_financeiras,caixa_operacional,caixa_investimento,caixa_financiamento
ITR,2023-01-01,2023-03-31,11200000.0,4592000.0,-50000.0,3272000.0,-500000.0,2772000.0,2051000.0,58000000.0,14000000.0,7479000.0,3400000.0,6221000.0,300000.0,3421000.0,-1600000.0,-1600000.0
ITR,2023-01-01,2023-06-30,23800000.0,9632000.0,-130000.0,6862000.0,-800000.0,6062000.0,4486000.0,58600000.0,14600000.0,8664000.0,3360000.0,5656000.0,280000.0,4956000.0,-3400000.0,-1900000.0
ITR,2023-04-01,2023-06-30,12600000.0,5040000.0,-80000.0,3590000.0,-300000.0,3290000.0,2435000.0,58600000.0,14600000.0,8664000.0,3360000.0,5656000.0,280000.0,,,
ITR,2023-01-01,2023-09-30,37200000.0,15260000.0,-190000.0,11050000.0,-1400000.0,9650000.0,7141000.0,58900000.0,14400000.0,8589000.0,3310000.0,5501000.0,310000.0,7701000.0,-5300000.0,-2900000.0
ITR,2023-07-01,2023-09-30,13400000.0,5628000.0,-60000.0,4188000.0,-600000.0,3588000.0,2655000.0,58900000.0,14400000.0,8589000.0,3310000.0,5501000.0,310000.0,,,
DFP,2023-01-01,2023-12-31,51300000.0,21323000.0,-390000.0,15413000.0,-1800000.0,13613000.0,10074000.0,59400000.0,14200000.0,7916000.0,3300000.0,5984000.0,300000.0,11884000.0,-7600000.0,-4300000.0
ITR,2024-01-01,2024-03-31,10800000.0,4212000.0,-40000.0,2882000.0,-700000.0,2182000.0,1615000.0,59000000.0,14100000.0,8182000.0,3240000.0,5628000.0,290000.0,2845000.0,-1500000.0,-1700000.0
ITR,2024-01-01,2024-06-30,23700000.0,9501000.0,-110000.0,6711000.0,-900000.0,5811000.0,4300000.0,61200000.0,16000000.0,9046000.0,3200000.0,6624000.0,330000.0,4440000.0,-3200000.0,-600000.0
ITR,2024-04-01,2024-06-30,12900000.0,5289000.0,-70000.0,3829000.0,-200000.0,3629000.0,2685000.0,61200000.0,16000000.0,9046000.0,3200000.0,6624000.0,330000.0,,,
ITR,2024-01-01,2024-09-30,37500000.0,15021000.0,-160000.0,10681000.0,-1500000.0,9181000.0,6794000.0,61000000.0,15800000.0,9982000.0,3150000.0,5518000.0,300000.0,6334000.0,-5200000.0,-1600000.0
ITR,2024-07-01,2024-09-30,13800000.0,5520000.0,-50000.0,3970000.0,-600000.0,3370000.0,2494000.0,61000000.0,15800000.0,9982000.0,3150000.0,5518000.0,300000.0,,,
DFP,2024-01-01,2024-12-31,51100000.0,20189000.0,-410000.0,10049000.0,-3400000.0,6649000.0,4762000.0,62500000.0,16300000.0,10154000.0,3220000.0,5836000.0,310000.0,9652000.0,-7600000.0,-2200000.0
ITR,2025-01-01,2025-03-31,10500000.0,3885000.0,-50000.0,2545000.0,-500000.0,2045000.0,1513000.0,62100000.0,16000000.0,11831000.0,3160000.0,3889000.0,280000.0,653000.0,-1600000.0,-1000000.0
ITR,2025-01-01,2025-06-30,22900000.0,8721000.0,-110000.0,5931000.0,-900000.0,5031000.0,3723000.0,63400000.0,17200000.0,12501000.0,3100000.0,4399000.0,300000.0,2063000.0,-3400000.0,-100000.0
ITR,2025-04-01,2025-06-30,12400000.0,4836000.0,-60000.0,3386000.0,-400000.0,2986000.0,2210000.0,63400000.0,17200000.0,12501000.0,3100000.0,4399000.0,300000.0,,,
ITR,2025-01-01,2025-09-30,36000000.0,13961000.0,-160000.0,9591000.0,-1500000.0,8091000.0,5987000.0,63100000.0,17000000.0,12337000.0,3050000.0,4343000.0,320000.0,4907000.0,-5300000.0,-1100000.0
ITR,2025-07-01,2025-09-30,13100000.0,5240000.0,-50000.0,3660000.0,-600000.0,3060000.0,2264000.0,63100000.0,17000000.0,12337000.0,3050000.0,4343000.0,320000.0,,,
DFP,2025-01-01,2025-12-31,49900000.0,19104000.0,-380000.0,5134000.0,-2700000.0,2434000.0,1630000.0,64000000.0,16800000.0,11664000.0,3120000.0,4836000.0,300000.0,8900000.0,-7500000.0,-2400000.0
ITR,2026-01-01,2026-03-31,11000000.0,4290000.0,-40000.0,2960000.0,-400000.0,2560000.0,1894000.0,63600000.0,16500000.0,11250000.0,3060000.0,4960000.0,290000.0,3124000.0,-1500000.0,-1500000.0
ITR,2026-01-01,2026-06-30,23800000.0,9538000.0,-100000.0,6758000.0,-900000.0,5858000.0,4335000.0,64100000.0,16900000.0,11039000.0,3000000.0,5551000.0,310000.0,5715000.0,-3300000.0,-1700000.0
ITR,2026-04-01,2026-06-30,12800000.0,5248000.0,-60000.0,3798000.0,-500000.0,3298000.0,2441000.0,64100000.0,16900000.0,11039000.0,3000000.0,5551000.0,310000.0,,,
